{
  "audio_file": "C:\\Users\\moosb\\AIAGENT DAW\\temp_audio\\analyze_track_1_1761343774\\SLO.wav",
  "timestamp": 1761343776.8298557,
  "effects": {
    "filtering": {
      "high_pass": 226,
      "low_pass": 12683,
      "character": "high_passed",
      "confidence": 1.0
    },
    "delay": {
      "present": false,
      "delay_time_ms": 0,
      "feedback": 0,
      "mix": 0
    },
    "reverb": {
      "present": true,
      "decay_time": 2.36,
      "predelay_ms": 0.0,
      "c50_db": -9.73,
      "c80_db": -7.1,
      "mix": 50,
      "confidence": 1.0
    }
  },
  "characteristics": {
    "bpm": 123.046875,
    "distortion": 12.843564314473618,
    "saturation": {
      "even_odd_ratio": 0.6202674589708655,
      "type_hint": "tape-like"
    },
    "compression": 0.0,
    "dynamic_range_db": 36.6,
    "brightness": 11.363340830508756,
    "spectral_indices": {
      "mud": 100.0,
      "boxiness": 100.0,
      "presence": 2.5599288940429688,
      "air": 55.18848419189453,
      "flatness": 34.31147634983063,
      "rolloff_hz": 3479.212295012577
    },
    "autotune": 0.03874159798687458
  },
  "summary": "Vocal: High-passed at 226Hz. No delay. Reverb: 2.4s decay. Dark/warm sound. Harsh sibilance (de-ess at 8.6kHz). ",
  "audio_type": "vocal",
  "stereo_metrics": {
    "lr_corr": 0.9999993472991059,
    "ms_balance": 0.9999177602788893,
    "width_low": 1.1554720913409255e-05,
    "width_high": 0.003696837302413769
  },
  "deessing_need": {
    "need_score": 58.00793766975403,
    "target_khz": 8.591748046875
  }
}